"Dia";"tiempo_respuesta_MEDIANA";"DiaSemana";"DiaCritico";"DiaNumerico";"DiaNumericoMes";"MesNumerico";"SemanaNumerico";"Anio";"Noviembre";"mes"
2022-11-12;125.05125;"sábado";0;6;12;11;45;2022;1;"12"
2022-11-13;125.07715;"domingo";0;7;13;11;45;2022;1;"12"
2022-11-14;125.155835;"lunes";0;1;14;11;46;2022;1;"12"
2022-11-15;125.19947;"martes";0;2;15;11;46;2022;1;"12"
2022-11-16;124.928955;"miércoles";0;3;16;11;46;2022;1;"12"
2022-11-17;125.048105;"jueves";1;4;17;11;46;2022;1;"12"
2022-11-18;125.06512;"viernes";1;5;18;11;46;2022;1;"12"
2022-11-19;125.208505;"sábado";0;6;19;11;46;2022;1;"12"
2022-11-20;125.020545;"domingo";0;7;20;11;46;2022;1;"12"
2022-11-21;125.1208;"lunes";0;1;21;11;47;2022;1;"12"
2022-11-22;125.173865;"martes";0;2;22;11;47;2022;1;"12"
2022-11-23;125.15249;"miércoles";0;3;23;11;47;2022;1;"12"
2022-11-24;125.01626;"jueves";1;4;24;11;47;2022;1;"12"
2022-11-25;125.095775;"viernes";1;5;25;11;47;2022;1;"12"
2022-11-26;124.991525;"sábado";0;6;26;11;47;2022;1;"12"
2022-11-27;124.856675;"domingo";0;7;27;11;47;2022;1;"12"
2022-11-28;125.107725;"lunes";0;1;28;11;48;2022;1;"12"
2022-11-29;124.951135;"martes";0;2;29;11;48;2022;1;"12"
2022-11-30;125.002735;"miércoles";0;3;30;11;48;2022;1;"12"
2022-12-01;126.03614;"jueves";1;4;1;12;48;2022;0;"12"
2022-12-02;126.03878;"viernes";1;5;2;12;48;2022;0;"12"
2022-12-03;125.86168;"sábado";0;6;3;12;48;2022;0;"12"
2022-12-04;126.08873;"domingo";0;7;4;12;48;2022;0;"12"
2022-12-05;125.93699;"lunes";0;1;5;12;49;2022;0;"12"
2022-12-06;126.053005;"martes";0;2;6;12;49;2022;0;"12"
2022-12-07;126.079005;"miércoles";0;3;7;12;49;2022;0;"12"
2022-12-08;126.03825;"jueves";1;4;8;12;49;2022;0;"12"
2022-12-09;125.99979;"viernes";1;5;9;12;49;2022;0;"12"
2022-12-10;125.92727;"sábado";0;6;10;12;49;2022;0;"12"
2022-12-11;125.9596;"domingo";0;7;11;12;49;2022;0;"12"
2022-12-12;125.96262;"lunes";0;1;12;12;50;2022;0;"12"
2022-12-13;126.069495;"martes";0;2;13;12;50;2022;0;"12"
2022-12-14;126.17934;"miércoles";0;3;14;12;50;2022;0;"12"
2022-12-15;125.975935;"jueves";1;4;15;12;50;2022;0;"12"
2022-12-16;125.85889;"viernes";1;5;16;12;50;2022;0;"12"
2022-12-17;125.9921;"sábado";0;6;17;12;50;2022;0;"12"
2022-12-18;126.05641;"domingo";0;7;18;12;50;2022;0;"12"
2022-12-19;126.026635;"lunes";0;1;19;12;51;2022;0;"12"
2022-12-20;126.08286;"martes";0;2;20;12;51;2022;0;"12"
2022-12-21;125.98635;"miércoles";0;3;21;12;51;2022;0;"12"
2022-12-22;126.05457;"jueves";1;4;22;12;51;2022;0;"12"
2022-12-23;125.97339;"viernes";1;5;23;12;51;2022;0;"12"
2022-12-24;125.92312;"sábado";0;6;24;12;51;2022;0;"12"
2022-12-25;125.940615;"domingo";0;7;25;12;51;2022;0;"12"
2022-12-26;125.94288;"lunes";0;1;26;12;52;2022;0;"12"
2022-12-27;126.111525;"martes";0;2;27;12;52;2022;0;"12"
2022-12-28;125.86897;"miércoles";0;3;28;12;52;2022;0;"12"
2022-12-29;126.02968;"jueves";1;4;29;12;52;2022;0;"12"
2022-12-30;126.225285;"viernes";1;5;30;12;52;2022;0;"12"
2022-12-31;126.217825;"sábado";0;6;31;12;52;2022;0;"12"
2023-01-01;114.897655;"domingo";0;7;1;1;52;2023;0;"1"
2023-01-02;115.008885;"lunes";0;1;2;1;1;2023;0;"1"
2023-01-03;115.190325;"martes";0;2;3;1;1;2023;0;"1"
2023-01-04;114.96102;"miércoles";0;3;4;1;1;2023;0;"1"
2023-01-05;114.913925;"jueves";1;4;5;1;1;2023;0;"1"
2023-01-06;115.01995;"viernes";1;5;6;1;1;2023;0;"1"
2023-01-07;114.98744;"sábado";0;6;7;1;1;2023;0;"1"
2023-01-08;115.16553;"domingo";0;7;8;1;1;2023;0;"1"
2023-01-09;115.06997;"lunes";0;1;9;1;2;2023;0;"1"
2023-01-10;115.01314;"martes";0;2;10;1;2;2023;0;"1"
2023-01-11;115.10642;"miércoles";0;3;11;1;2;2023;0;"1"
2023-01-12;115.027445;"jueves";1;4;12;1;2;2023;0;"1"
2023-01-13;114.913405;"viernes";1;5;13;1;2;2023;0;"1"
2023-01-14;115.078435;"sábado";0;6;14;1;2;2023;0;"1"
2023-01-15;115.07967;"domingo";0;7;15;1;2;2023;0;"1"
2023-01-16;115.100175;"lunes";0;1;16;1;3;2023;0;"1"
2023-01-17;115.05437;"martes";0;2;17;1;3;2023;0;"1"
2023-01-18;115.06098;"miércoles";0;3;18;1;3;2023;0;"1"
2023-01-19;115.15566;"jueves";1;4;19;1;3;2023;0;"1"
2023-01-20;114.995475;"viernes";1;5;20;1;3;2023;0;"1"
2023-01-21;115.05866;"sábado";0;6;21;1;3;2023;0;"1"
2023-01-22;114.910445;"domingo";0;7;22;1;3;2023;0;"1"
2023-01-23;114.902125;"lunes";0;1;23;1;4;2023;0;"1"
2023-01-24;115.068895;"martes";0;2;24;1;4;2023;0;"1"
2023-01-25;114.826985;"miércoles";0;3;25;1;4;2023;0;"1"
2023-01-26;115.043555;"jueves";1;4;26;1;4;2023;0;"1"
2023-01-27;115.216595;"viernes";1;5;27;1;4;2023;0;"1"
2023-01-28;114.98914;"sábado";0;6;28;1;4;2023;0;"1"
2023-01-29;115.190285;"domingo";0;7;29;1;4;2023;0;"1"
2023-01-30;114.927245;"lunes";0;1;30;1;5;2023;0;"1"
2023-01-31;115.036585;"martes";0;2;31;1;5;2023;0;"1"
2023-02-01;115.98452;"miércoles";0;3;1;2;5;2023;0;"2"
2023-02-02;116.191285;"jueves";1;4;2;2;5;2023;0;"2"
2023-02-03;115.974295;"viernes";1;5;3;2;5;2023;0;"2"
2023-02-04;115.950785;"sábado";0;6;4;2;5;2023;0;"2"
2023-02-05;115.97705;"domingo";0;7;5;2;5;2023;0;"2"
2023-02-06;115.865495;"lunes";0;1;6;2;6;2023;0;"2"
2023-02-07;115.89574;"martes";0;2;7;2;6;2023;0;"2"
2023-02-08;115.79342;"miércoles";0;3;8;2;6;2023;0;"2"
2023-02-09;115.90041;"jueves";1;4;9;2;6;2023;0;"2"
2023-02-10;116.00501;"viernes";1;5;10;2;6;2023;0;"2"
2023-02-11;116.04634;"sábado";0;6;11;2;6;2023;0;"2"
2023-02-12;116.08341;"domingo";0;7;12;2;6;2023;0;"2"
2023-02-13;115.909395;"lunes";0;1;13;2;7;2023;0;"2"
2023-02-14;115.965935;"martes";0;2;14;2;7;2023;0;"2"
2023-02-15;116.147355;"miércoles";0;3;15;2;7;2023;0;"2"
2023-02-16;115.9596;"jueves";1;4;16;2;7;2023;0;"2"
2023-02-17;115.98085;"viernes";1;5;17;2;7;2023;0;"2"
2023-02-18;116.00003;"sábado";0;6;18;2;7;2023;0;"2"
2023-02-19;116.22799;"domingo";0;7;19;2;7;2023;0;"2"
2023-02-20;116.10255;"lunes";0;1;20;2;8;2023;0;"2"
2023-02-21;115.955685;"martes";0;2;21;2;8;2023;0;"2"
2023-02-22;115.93865;"miércoles";0;3;22;2;8;2023;0;"2"
2023-02-23;115.927615;"jueves";1;4;23;2;8;2023;0;"2"
2023-02-24;115.82368;"viernes";1;5;24;2;8;2023;0;"2"
2023-02-25;116.09526;"sábado";0;6;25;2;8;2023;0;"2"
2023-02-26;116.113435;"domingo";0;7;26;2;8;2023;0;"2"
2023-02-27;116.031885;"lunes";0;1;27;2;9;2023;0;"2"
2023-02-28;115.907655;"martes";0;2;28;2;9;2023;0;"2"
2023-03-01;117.076555;"miércoles";0;3;1;3;9;2023;0;"3"
2023-03-02;116.878245;"jueves";1;4;2;3;9;2023;0;"3"
2023-03-03;117.121345;"viernes";1;5;3;3;9;2023;0;"3"
2023-03-04;116.871905;"sábado";0;6;4;3;9;2023;0;"3"
2023-03-05;117.046595;"domingo";0;7;5;3;9;2023;0;"3"
2023-03-06;117.24226;"lunes";0;1;6;3;10;2023;0;"3"
2023-03-07;117.0281;"martes";0;2;7;3;10;2023;0;"3"
2023-03-08;117.072655;"miércoles";0;3;8;3;10;2023;0;"3"
2023-03-09;117.06371;"jueves";1;4;9;3;10;2023;0;"3"
2023-03-10;116.941205;"viernes";1;5;10;3;10;2023;0;"3"
2023-03-11;116.97985;"sábado";0;6;11;3;10;2023;0;"3"
2023-03-12;116.996855;"domingo";0;7;12;3;10;2023;0;"3"
2023-03-13;117.037725;"lunes";0;1;13;3;11;2023;0;"3"
2023-03-14;116.98756;"martes";0;2;14;3;11;2023;0;"3"
2023-03-15;116.842965;"miércoles";0;3;15;3;11;2023;0;"3"
2023-03-16;117.0006;"jueves";1;4;16;3;11;2023;0;"3"
2023-03-17;117.04663;"viernes";1;5;17;3;11;2023;0;"3"
2023-03-18;116.885145;"sábado";0;6;18;3;11;2023;0;"3"
2023-03-19;116.973455;"domingo";0;7;19;3;11;2023;0;"3"
2023-03-20;117.073325;"lunes";0;1;20;3;12;2023;0;"3"
2023-03-21;117.04563;"martes";0;2;21;3;12;2023;0;"3"
2023-03-22;116.817795;"miércoles";0;3;22;3;12;2023;0;"3"
2023-03-23;117.129815;"jueves";1;4;23;3;12;2023;0;"3"
2023-03-24;116.95022;"viernes";1;5;24;3;12;2023;0;"3"
2023-03-25;116.950855;"sábado";0;6;25;3;12;2023;0;"3"
2023-03-26;117.19967;"domingo";0;7;26;3;12;2023;0;"3"
2023-03-27;117.03188;"lunes";0;1;27;3;13;2023;0;"3"
2023-03-28;116.996595;"martes";0;2;28;3;13;2023;0;"3"
2023-03-29;116.861985;"miércoles";0;3;29;3;13;2023;0;"3"
2023-03-30;117.09042;"jueves";1;4;30;3;13;2023;0;"3"
2023-03-31;117.04635;"viernes";1;5;31;3;13;2023;0;"3"
2023-04-01;118.12339;"sábado";0;6;1;4;13;2023;0;"4"
2023-04-02;118.00352;"domingo";0;7;2;4;13;2023;0;"4"
2023-04-03;118.020615;"lunes";0;1;3;4;14;2023;0;"4"
2023-04-04;118.08101;"martes";0;2;4;4;14;2023;0;"4"
2023-04-05;118.068575;"miércoles";0;3;5;4;14;2023;0;"4"
2023-04-06;117.94566;"jueves";1;4;6;4;14;2023;0;"4"
2023-04-07;117.828015;"viernes";1;5;7;4;14;2023;0;"4"
2023-04-08;118.110285;"sábado";0;6;8;4;14;2023;0;"4"
2023-04-09;117.95489;"domingo";0;7;9;4;14;2023;0;"4"
2023-04-10;118.02344;"lunes";0;1;10;4;15;2023;0;"4"
2023-04-11;118.145535;"martes";0;2;11;4;15;2023;0;"4"
2023-04-12;117.948725;"miércoles";0;3;12;4;15;2023;0;"4"
2023-04-13;117.75516;"jueves";1;4;13;4;15;2023;0;"4"
2023-04-14;117.828995;"viernes";1;5;14;4;15;2023;0;"4"
2023-04-15;117.799315;"sábado";0;6;15;4;15;2023;0;"4"
2023-04-16;117.983925;"domingo";0;7;16;4;15;2023;0;"4"
2023-04-17;117.87337;"lunes";0;1;17;4;16;2023;0;"4"
2023-04-18;117.99846;"martes";0;2;18;4;16;2023;0;"4"
2023-04-19;118.05346;"miércoles";0;3;19;4;16;2023;0;"4"
2023-04-20;117.95224;"jueves";1;4;20;4;16;2023;0;"4"
2023-04-21;118.062875;"viernes";1;5;21;4;16;2023;0;"4"
2023-04-22;117.74436;"sábado";0;6;22;4;16;2023;0;"4"
2023-04-23;118.033775;"domingo";0;7;23;4;16;2023;0;"4"
2023-04-24;117.856505;"lunes";0;1;24;4;17;2023;0;"4"
2023-04-25;117.895845;"martes";0;2;25;4;17;2023;0;"4"
2023-04-26;118.104205;"miércoles";0;3;26;4;17;2023;0;"4"
2023-04-27;118.023875;"jueves";1;4;27;4;17;2023;0;"4"
2023-04-28;118.12933;"viernes";1;5;28;4;17;2023;0;"4"
2023-04-29;117.95294;"sábado";0;6;29;4;17;2023;0;"4"
2023-04-30;117.91994;"domingo";0;7;30;4;17;2023;0;"4"
2023-05-01;119.032255;"lunes";0;1;1;5;18;2023;0;"5"
2023-05-02;119.073305;"martes";0;2;2;5;18;2023;0;"5"
2023-05-03;118.87679;"miércoles";0;3;3;5;18;2023;0;"5"
2023-05-04;119.188385;"jueves";1;4;4;5;18;2023;0;"5"
2023-05-05;119.215055;"viernes";1;5;5;5;18;2023;0;"5"
2023-05-06;118.840075;"sábado";0;6;6;5;18;2023;0;"5"
2023-05-07;119.10646;"domingo";0;7;7;5;18;2023;0;"5"
2023-05-08;119.038695;"lunes";0;1;8;5;19;2023;0;"5"
2023-05-09;119.018085;"martes";0;2;9;5;19;2023;0;"5"
2023-05-10;118.859465;"miércoles";0;3;10;5;19;2023;0;"5"
2023-05-11;118.893;"jueves";1;4;11;5;19;2023;0;"5"
2023-05-12;119.029545;"viernes";1;5;12;5;19;2023;0;"5"
2023-05-13;119.094785;"sábado";0;6;13;5;19;2023;0;"5"
2023-05-14;119.175165;"domingo";0;7;14;5;19;2023;0;"5"
2023-05-15;119.094325;"lunes";0;1;15;5;20;2023;0;"5"
2023-05-16;118.93116;"martes";0;2;16;5;20;2023;0;"5"
2023-05-17;118.81023;"miércoles";0;3;17;5;20;2023;0;"5"
2023-05-18;118.78536;"jueves";1;4;18;5;20;2023;0;"5"
2023-05-19;119.00689;"viernes";1;5;19;5;20;2023;0;"5"
2023-05-20;119.074185;"sábado";0;6;20;5;20;2023;0;"5"
2023-05-21;119.098605;"domingo";0;7;21;5;20;2023;0;"5"
2023-05-22;119.070765;"lunes";0;1;22;5;21;2023;0;"5"
2023-05-23;118.80856;"martes";0;2;23;5;21;2023;0;"5"
2023-05-24;118.99023;"miércoles";0;3;24;5;21;2023;0;"5"
2023-05-25;118.98889;"jueves";1;4;25;5;21;2023;0;"5"
2023-05-26;119.08185;"viernes";1;5;26;5;21;2023;0;"5"
2023-05-27;119.14458;"sábado";0;6;27;5;21;2023;0;"5"
2023-05-28;118.92632;"domingo";0;7;28;5;21;2023;0;"5"
2023-05-29;119.068195;"lunes";0;1;29;5;22;2023;0;"5"
2023-05-30;119.14916;"martes";0;2;30;5;22;2023;0;"5"
2023-05-31;118.91814;"miércoles";0;3;31;5;22;2023;0;"5"
2023-06-01;120.060255;"jueves";1;4;1;6;22;2023;0;"6"
2023-06-02;120.12399;"viernes";1;5;2;6;22;2023;0;"6"
2023-06-03;120.04457;"sábado";0;6;3;6;22;2023;0;"6"
2023-06-04;120.04997;"domingo";0;7;4;6;22;2023;0;"6"
2023-06-05;120.0244;"lunes";0;1;5;6;23;2023;0;"6"
2023-06-06;119.973895;"martes";0;2;6;6;23;2023;0;"6"
2023-06-07;120.039325;"miércoles";0;3;7;6;23;2023;0;"6"
2023-06-08;119.992355;"jueves";1;4;8;6;23;2023;0;"6"
2023-06-09;119.85936;"viernes";1;5;9;6;23;2023;0;"6"
2023-06-10;120.08629;"sábado";0;6;10;6;23;2023;0;"6"
2023-06-11;119.957205;"domingo";0;7;11;6;23;2023;0;"6"
2023-06-12;120.06573;"lunes";0;1;12;6;24;2023;0;"6"
2023-06-13;120.02921;"martes";0;2;13;6;24;2023;0;"6"
2023-06-14;119.9399;"miércoles";0;3;14;6;24;2023;0;"6"
2023-06-15;119.93291;"jueves";1;4;15;6;24;2023;0;"6"
2023-06-16;120.04524;"viernes";1;5;16;6;24;2023;0;"6"
2023-06-17;119.930785;"sábado";0;6;17;6;24;2023;0;"6"
2023-06-18;120.07313;"domingo";0;7;18;6;24;2023;0;"6"
2023-06-19;120.101475;"lunes";0;1;19;6;25;2023;0;"6"
2023-06-20;120.118425;"martes";0;2;20;6;25;2023;0;"6"
2023-06-21;119.96855;"miércoles";0;3;21;6;25;2023;0;"6"
2023-06-22;119.90547;"jueves";1;4;22;6;25;2023;0;"6"
2023-06-23;119.990015;"viernes";1;5;23;6;25;2023;0;"6"
2023-06-24;120.073675;"sábado";0;6;24;6;25;2023;0;"6"
2023-06-25;120.073765;"domingo";0;7;25;6;25;2023;0;"6"
2023-06-26;119.91357;"lunes";0;1;26;6;26;2023;0;"6"
2023-06-27;120.04399;"martes";0;2;27;6;26;2023;0;"6"
2023-06-28;119.89227;"miércoles";0;3;28;6;26;2023;0;"6"
2023-06-29;119.908575;"jueves";1;4;29;6;26;2023;0;"6"
2023-06-30;119.95009;"viernes";1;5;30;6;26;2023;0;"6"
2023-07-01;121.226255;"sábado";0;6;1;7;26;2023;0;"7"
2023-07-02;121.126445;"domingo";0;7;2;7;26;2023;0;"7"
2023-07-03;121.10519;"lunes";0;1;3;7;27;2023;0;"7"
2023-07-04;120.921495;"martes";0;2;4;7;27;2023;0;"7"
2023-07-05;120.933705;"miércoles";0;3;5;7;27;2023;0;"7"
2023-07-06;121.01687;"jueves";1;4;6;7;27;2023;0;"7"
2023-07-07;121.09963;"viernes";1;5;7;7;27;2023;0;"7"
2023-07-08;120.95799;"sábado";0;6;8;7;27;2023;0;"7"
2023-07-09;121.160235;"domingo";0;7;9;7;27;2023;0;"7"
2023-07-10;121.06986;"lunes";0;1;10;7;28;2023;0;"7"
2023-07-11;121.14525;"martes";0;2;11;7;28;2023;0;"7"
2023-07-12;121.1792;"miércoles";0;3;12;7;28;2023;0;"7"
2023-07-13;121.02357;"jueves";1;4;13;7;28;2023;0;"7"
2023-07-14;120.90958;"viernes";1;5;14;7;28;2023;0;"7"
2023-07-15;121.16985;"sábado";0;6;15;7;28;2023;0;"7"
2023-07-16;120.90475;"domingo";0;7;16;7;28;2023;0;"7"
2023-07-17;121.09423;"lunes";0;1;17;7;29;2023;0;"7"
2023-07-18;121.092235;"martes";0;2;18;7;29;2023;0;"7"
2023-07-19;121.132495;"miércoles";0;3;19;7;29;2023;0;"7"
2023-07-20;121.099205;"jueves";1;4;20;7;29;2023;0;"7"
2023-07-21;120.896025;"viernes";1;5;21;7;29;2023;0;"7"
2023-07-22;120.795415;"sábado";0;6;22;7;29;2023;0;"7"
2023-07-23;120.881675;"domingo";0;7;23;7;29;2023;0;"7"
2023-07-24;120.9941;"lunes";0;1;24;7;30;2023;0;"7"
2023-07-25;120.920665;"martes";0;2;25;7;30;2023;0;"7"
2023-07-26;120.97068;"miércoles";0;3;26;7;30;2023;0;"7"
2023-07-27;120.832385;"jueves";1;4;27;7;30;2023;0;"7"
2023-07-28;120.93397;"viernes";1;5;28;7;30;2023;0;"7"
2023-07-29;120.98933;"sábado";0;6;29;7;30;2023;0;"7"
2023-07-30;121.059375;"domingo";0;7;30;7;30;2023;0;"7"
2023-07-31;120.82255;"lunes";0;1;31;7;31;2023;0;"7"
2023-08-01;122.195275;"martes";0;2;1;8;31;2023;0;"8"
2023-08-02;122.0699;"miércoles";0;3;2;8;31;2023;0;"8"
2023-08-03;122.144175;"jueves";1;4;3;8;31;2023;0;"8"
2023-08-04;122.04498;"viernes";1;5;4;8;31;2023;0;"8"
2023-08-05;122.058835;"sábado";0;6;5;8;31;2023;0;"8"
2023-08-06;121.96052;"domingo";0;7;6;8;31;2023;0;"8"
2023-08-07;121.929735;"lunes";0;1;7;8;32;2023;0;"8"
2023-08-08;122.04568;"martes";0;2;8;8;32;2023;0;"8"
2023-08-09;122.033745;"miércoles";0;3;9;8;32;2023;0;"8"
2023-08-10;122.12324;"jueves";1;4;10;8;32;2023;0;"8"
2023-08-11;122.19578;"viernes";1;5;11;8;32;2023;0;"8"
2023-08-12;122.061745;"sábado";0;6;12;8;32;2023;0;"8"
2023-08-13;121.972595;"domingo";0;7;13;8;32;2023;0;"8"
2023-08-14;122.12378;"lunes";0;1;14;8;33;2023;0;"8"
2023-08-15;121.895705;"martes";0;2;15;8;33;2023;0;"8"
2023-08-16;122.13667;"miércoles";0;3;16;8;33;2023;0;"8"
2023-08-17;122.1975;"jueves";1;4;17;8;33;2023;0;"8"
2023-08-18;121.910935;"viernes";1;5;18;8;33;2023;0;"8"
2023-08-19;121.806465;"sábado";0;6;19;8;33;2023;0;"8"
2023-08-20;121.98091;"domingo";0;7;20;8;33;2023;0;"8"
2023-08-21;122.047815;"lunes";0;1;21;8;34;2023;0;"8"
2023-08-22;121.96497;"martes";0;2;22;8;34;2023;0;"8"
2023-08-23;121.88176;"miércoles";0;3;23;8;34;2023;0;"8"
2023-08-24;122.042215;"jueves";1;4;24;8;34;2023;0;"8"
2023-08-25;121.94491;"viernes";1;5;25;8;34;2023;0;"8"
2023-08-26;122.182595;"sábado";0;6;26;8;34;2023;0;"8"
2023-08-27;121.893075;"domingo";0;7;27;8;34;2023;0;"8"
2023-08-28;121.99223;"lunes";0;1;28;8;35;2023;0;"8"
2023-08-29;122.1898;"martes";0;2;29;8;35;2023;0;"8"
2023-08-30;122.21051;"miércoles";0;3;30;8;35;2023;0;"8"
2023-08-31;121.925675;"jueves";1;4;31;8;35;2023;0;"8"
2023-09-01;123.0687;"viernes";1;5;1;9;35;2023;0;"9"
2023-09-02;122.888395;"sábado";0;6;2;9;35;2023;0;"9"
2023-09-03;123.107535;"domingo";0;7;3;9;35;2023;0;"9"
2023-09-04;122.919;"lunes";0;1;4;9;36;2023;0;"9"
2023-09-05;123.24066;"martes";0;2;5;9;36;2023;0;"9"
2023-09-06;123.08702;"miércoles";0;3;6;9;36;2023;0;"9"
2023-09-07;123.096165;"jueves";1;4;7;9;36;2023;0;"9"
2023-09-08;123.00404;"viernes";1;5;8;9;36;2023;0;"9"
2023-09-09;123.01215;"sábado";0;6;9;9;36;2023;0;"9"
2023-09-10;122.79477;"domingo";0;7;10;9;36;2023;0;"9"
2023-09-11;122.87498;"lunes";0;1;11;9;37;2023;0;"9"
2023-09-12;122.97188;"martes";0;2;12;9;37;2023;0;"9"
2023-09-13;123.016105;"miércoles";0;3;13;9;37;2023;0;"9"
2023-09-14;122.95105;"jueves";1;4;14;9;37;2023;0;"9"
2023-09-15;122.917615;"viernes";1;5;15;9;37;2023;0;"9"
2023-09-16;122.98518;"sábado";0;6;16;9;37;2023;0;"9"
2023-09-17;123.17964;"domingo";0;7;17;9;37;2023;0;"9"
2023-09-18;122.974135;"lunes";0;1;18;9;38;2023;0;"9"
2023-09-19;122.946485;"martes";0;2;19;9;38;2023;0;"9"
2023-09-20;122.95122;"miércoles";0;3;20;9;38;2023;0;"9"
2023-09-21;123.149685;"jueves";1;4;21;9;38;2023;0;"9"
2023-09-22;122.88347;"viernes";1;5;22;9;38;2023;0;"9"
2023-09-23;123.28632;"sábado";0;6;23;9;38;2023;0;"9"
2023-09-24;123.040745;"domingo";0;7;24;9;38;2023;0;"9"
2023-09-25;123.038585;"lunes";0;1;25;9;39;2023;0;"9"
2023-09-26;122.90263;"martes";0;2;26;9;39;2023;0;"9"
2023-09-27;123.18067;"miércoles";0;3;27;9;39;2023;0;"9"
2023-09-28;122.990645;"jueves";1;4;28;9;39;2023;0;"9"
2023-09-29;123.02262;"viernes";1;5;29;9;39;2023;0;"9"
2023-09-30;122.8287;"sábado";0;6;30;9;39;2023;0;"9"
2023-10-01;124.138145;"domingo";0;7;1;10;39;2023;0;"10"
2023-10-02;123.943315;"lunes";0;1;2;10;40;2023;0;"10"
2023-10-03;123.911595;"martes";0;2;3;10;40;2023;0;"10"
2023-10-04;124.048975;"miércoles";0;3;4;10;40;2023;0;"10"
2023-10-05;123.959485;"jueves";1;4;5;10;40;2023;0;"10"
2023-10-06;123.99591;"viernes";1;5;6;10;40;2023;0;"10"
2023-10-07;124.140965;"sábado";0;6;7;10;40;2023;0;"10"
2023-10-08;124.01732;"domingo";0;7;8;10;40;2023;0;"10"
2023-10-09;124.00238;"lunes";0;1;9;10;41;2023;0;"10"
2023-10-10;124.06976;"martes";0;2;10;10;41;2023;0;"10"
2023-10-11;124.1034;"miércoles";0;3;11;10;41;2023;0;"10"
2023-10-12;124.052225;"jueves";1;4;12;10;41;2023;0;"10"
2023-10-13;123.82267;"viernes";1;5;13;10;41;2023;0;"10"
2023-10-14;123.76924;"sábado";0;6;14;10;41;2023;0;"10"
2023-10-15;123.93199;"domingo";0;7;15;10;41;2023;0;"10"
2023-10-16;124.28424;"lunes";0;1;16;10;42;2023;0;"10"
2023-10-17;124.08794;"martes";0;2;17;10;42;2023;0;"10"
2023-10-18;124.039485;"miércoles";0;3;18;10;42;2023;0;"10"
2023-10-19;123.76002;"jueves";1;4;19;10;42;2023;0;"10"
2023-10-20;124.14645;"viernes";1;5;20;10;42;2023;0;"10"
2023-10-21;124.104265;"sábado";0;6;21;10;42;2023;0;"10"
2023-10-22;124.04001;"domingo";0;7;22;10;42;2023;0;"10"
2023-10-23;123.952005;"lunes";0;1;23;10;43;2023;0;"10"
2023-10-24;123.96201;"martes";0;2;24;10;43;2023;0;"10"
2023-10-25;124.17442;"miércoles";0;3;25;10;43;2023;0;"10"
2023-10-26;123.96064;"jueves";1;4;26;10;43;2023;0;"10"
2023-10-27;123.98585;"viernes";1;5;27;10;43;2023;0;"10"
2023-10-28;123.755845;"sábado";0;6;28;10;43;2023;0;"10"
2023-10-29;123.91376;"domingo";0;7;29;10;43;2023;0;"10"
2023-10-30;124.05115;"lunes";0;1;30;10;44;2023;0;"10"
2023-10-31;124.076555;"martes";0;2;31;10;44;2023;0;"10"
2023-11-01;125.18635;"miércoles";0;3;1;11;44;2023;1;"12"
2023-11-02;124.89702;"jueves";1;4;2;11;44;2023;1;"12"
2023-11-03;125.018985;"viernes";1;5;3;11;44;2023;1;"12"
2023-11-04;125.014545;"sábado";0;6;4;11;44;2023;1;"12"
2023-11-05;125.144655;"domingo";0;7;5;11;44;2023;1;"12"
2023-11-06;125.05016;"lunes";0;1;6;11;45;2023;1;"12"
2023-11-07;125.04174;"martes";0;2;7;11;45;2023;1;"12"
2023-11-08;125.176955;"miércoles";0;3;8;11;45;2023;1;"12"
2023-11-09;124.92052;"jueves";1;4;9;11;45;2023;1;"12"
2023-11-10;125.01894;"viernes";1;5;10;11;45;2023;1;"12"
2023-11-11;125.005615;"sábado";0;6;11;11;45;2023;1;"12"
2023-11-12;142.30058;"domingo";0;7;12;11;45;2023;1;"12"
2023-11-13;142.74972;"lunes";0;1;13;11;46;2023;1;"12"
2023-11-14;142.744595;"martes";0;2;14;11;46;2023;1;"12"
2023-11-15;142.376975;"miércoles";0;3;15;11;46;2023;1;"12"
2023-11-16;142.474685;"jueves";1;4;16;11;46;2023;1;"12"
2023-11-17;142.49734;"viernes";1;5;17;11;46;2023;1;"12"
2023-11-18;142.35425;"sábado";0;6;18;11;46;2023;1;"12"
2023-11-19;142.69459;"domingo";0;7;19;11;46;2023;1;"12"
2023-11-20;142.54954;"lunes";0;1;20;11;47;2023;1;"12"
2023-11-21;142.488875;"martes";0;2;21;11;47;2023;1;"12"
2023-11-22;142.15327;"miércoles";0;3;22;11;47;2023;1;"12"
2023-11-23;142.68943;"jueves";1;4;23;11;47;2023;1;"12"
2023-11-24;142.665535;"viernes";1;5;24;11;47;2023;1;"12"
2023-11-25;142.387655;"sábado";0;6;25;11;47;2023;1;"12"
2023-11-26;142.225255;"domingo";0;7;26;11;47;2023;1;"12"
2023-11-27;141.91821;"lunes";0;1;27;11;48;2023;1;"12"
2023-11-28;142.6096;"martes";0;2;28;11;48;2023;1;"12"
2023-11-29;142.476195;"miércoles";0;3;29;11;48;2023;1;"12"
2023-11-30;142.34756;"jueves";1;4;30;11;48;2023;1;"12"
2023-12-01;143.691605;"viernes";1;5;1;12;48;2023;0;"12"
2023-12-02;143.8188;"sábado";0;6;2;12;48;2023;0;"12"
2023-12-03;143.90843;"domingo";0;7;3;12;48;2023;0;"12"
2023-12-04;143.801255;"lunes";0;1;4;12;49;2023;0;"12"
2023-12-05;143.268795;"martes";0;2;5;12;49;2023;0;"12"
2023-12-06;144.14216;"miércoles";0;3;6;12;49;2023;0;"12"
2023-12-07;143.644415;"jueves";1;4;7;12;49;2023;0;"12"
2023-12-08;143.672205;"viernes";1;5;8;12;49;2023;0;"12"
2023-12-09;143.21289;"sábado";0;6;9;12;49;2023;0;"12"
2023-12-10;143.69516;"domingo";0;7;10;12;49;2023;0;"12"
2023-12-11;143.09128;"lunes";0;1;11;12;50;2023;0;"12"
2023-12-12;143.871635;"martes";0;2;12;12;50;2023;0;"12"
2023-12-13;143.757535;"miércoles";0;3;13;12;50;2023;0;"12"
2023-12-14;143.26581;"jueves";1;4;14;12;50;2023;0;"12"
2023-12-15;144.182455;"viernes";1;5;15;12;50;2023;0;"12"
2023-12-16;143.334585;"sábado";0;6;16;12;50;2023;0;"12"
2023-12-17;143.72061;"domingo";0;7;17;12;50;2023;0;"12"
2023-12-18;143.79632;"lunes";0;1;18;12;51;2023;0;"12"
2023-12-19;143.53165;"martes";0;2;19;12;51;2023;0;"12"
2023-12-20;144.30893;"miércoles";0;3;20;12;51;2023;0;"12"
2023-12-21;144.05082;"jueves";1;4;21;12;51;2023;0;"12"
2023-12-22;144.399095;"viernes";1;5;22;12;51;2023;0;"12"
2023-12-23;144.02601;"sábado";0;6;23;12;51;2023;0;"12"
2023-12-24;143.79327;"domingo";0;7;24;12;51;2023;0;"12"
2023-12-25;143.68933;"lunes";0;1;25;12;52;2023;0;"12"
2023-12-26;143.50401;"martes";0;2;26;12;52;2023;0;"12"
2023-12-27;143.761885;"miércoles";0;3;27;12;52;2023;0;"12"
2023-12-28;143.97595;"jueves";1;4;28;12;52;2023;0;"12"
2023-12-29;143.64618;"viernes";1;5;29;12;52;2023;0;"12"
2023-12-30;143.588305;"sábado";0;6;30;12;52;2023;0;"12"
2023-12-31;143.770235;"domingo";0;7;31;12;52;2023;0;"12"
2024-01-01;130.12867;"lunes";0;1;1;1;1;2024;0;"1"
2024-01-02;129.711975;"martes";0;2;2;1;1;2024;0;"1"
2024-01-03;129.99644;"miércoles";0;3;3;1;1;2024;0;"1"
2024-01-04;130.294925;"jueves";1;4;4;1;1;2024;0;"1"
2024-01-05;129.739725;"viernes";1;5;5;1;1;2024;0;"1"
2024-01-06;129.936735;"sábado";0;6;6;1;1;2024;0;"1"
2024-01-07;130.01313;"domingo";0;7;7;1;1;2024;0;"1"
2024-01-08;130.016695;"lunes";0;1;8;1;2;2024;0;"1"
2024-01-09;129.85149;"martes";0;2;9;1;2;2024;0;"1"
2024-01-10;130.068015;"miércoles";0;3;10;1;2;2024;0;"1"
2024-01-11;129.887305;"jueves";1;4;11;1;2;2024;0;"1"
2024-01-12;130.022735;"viernes";1;5;12;1;2;2024;0;"1"
2024-01-13;129.84457;"sábado";0;6;13;1;2;2024;0;"1"
2024-01-14;129.80228;"domingo";0;7;14;1;2;2024;0;"1"
2024-01-15;129.84604;"lunes";0;1;15;1;3;2024;0;"1"
2024-01-16;130.585385;"martes";0;2;16;1;3;2024;0;"1"
2024-01-17;129.836435;"miércoles";0;3;17;1;3;2024;0;"1"
2024-01-18;129.75137;"jueves";1;4;18;1;3;2024;0;"1"
2024-01-19;129.92907;"viernes";1;5;19;1;3;2024;0;"1"
2024-01-20;130.36116;"sábado";0;6;20;1;3;2024;0;"1"
2024-01-21;129.676875;"domingo";0;7;21;1;3;2024;0;"1"
2024-01-22;129.95867;"lunes";0;1;22;1;4;2024;0;"1"
2024-01-23;130.050075;"martes";0;2;23;1;4;2024;0;"1"
2024-01-24;129.56859;"miércoles";0;3;24;1;4;2024;0;"1"
2024-01-25;129.90265;"jueves";1;4;25;1;4;2024;0;"1"
2024-01-26;129.802705;"viernes";1;5;26;1;4;2024;0;"1"
2024-01-27;129.34866;"sábado";0;6;27;1;4;2024;0;"1"
2024-01-28;130.19266;"domingo";0;7;28;1;4;2024;0;"1"
2024-01-29;129.63962;"lunes";0;1;29;1;5;2024;0;"1"
2024-01-30;129.908385;"martes";0;2;30;1;5;2024;0;"1"
2024-01-31;129.617315;"miércoles";0;3;31;1;5;2024;0;"1"
2024-02-01;131.39394;"jueves";1;4;1;2;5;2024;0;"2"
2024-02-02;131.38121;"viernes";1;5;2;2;5;2024;0;"2"
2024-02-03;130.99508;"sábado";0;6;3;2;5;2024;0;"2"
2024-02-04;131.28974;"domingo";0;7;4;2;5;2024;0;"2"
2024-02-05;130.920745;"lunes";0;1;5;2;6;2024;0;"2"
2024-02-06;131.518075;"martes";0;2;6;2;6;2024;0;"2"
2024-02-07;131.42548;"miércoles";0;3;7;2;6;2024;0;"2"
2024-02-08;131.02446;"jueves";1;4;8;2;6;2024;0;"2"
2024-02-09;131.38656;"viernes";1;5;9;2;6;2024;0;"2"
2024-02-10;131.07143;"sábado";0;6;10;2;6;2024;0;"2"
2024-02-11;131.181695;"domingo";0;7;11;2;6;2024;0;"2"
2024-02-12;131.33161;"lunes";0;1;12;2;7;2024;0;"2"
2024-02-13;131.21981;"martes";0;2;13;2;7;2024;0;"2"
2024-02-14;131.648395;"miércoles";0;3;14;2;7;2024;0;"2"
2024-02-15;131.334955;"jueves";1;4;15;2;7;2024;0;"2"
2024-02-16;131.050355;"viernes";1;5;16;2;7;2024;0;"2"
2024-02-17;130.97594;"sábado";0;6;17;2;7;2024;0;"2"
2024-02-18;131.019025;"domingo";0;7;18;2;7;2024;0;"2"
2024-02-19;131.10696;"lunes";0;1;19;2;8;2024;0;"2"
2024-02-20;131.31422;"martes";0;2;20;2;8;2024;0;"2"
2024-02-21;131.432645;"miércoles";0;3;21;2;8;2024;0;"2"
2024-02-22;131.439245;"jueves";1;4;22;2;8;2024;0;"2"
2024-02-23;131.54138;"viernes";1;5;23;2;8;2024;0;"2"
2024-02-24;131.34019;"sábado";0;6;24;2;8;2024;0;"2"
2024-02-25;131.12622;"domingo";0;7;25;2;8;2024;0;"2"
2024-02-26;131.515675;"lunes";0;1;26;2;9;2024;0;"2"
2024-02-27;131.15168;"martes";0;2;27;2;9;2024;0;"2"
2024-02-28;131.279445;"miércoles";0;3;28;2;9;2024;0;"2"
2024-02-29;131.53924;"jueves";1;4;29;2;9;2024;0;"2"
2024-03-01;132.560585;"viernes";1;5;1;3;9;2024;0;"3"
2024-03-02;132.34518;"sábado";0;6;2;3;9;2024;0;"3"
2024-03-03;132.658645;"domingo";0;7;3;3;9;2024;0;"3"
2024-03-04;132.48615;"lunes";0;1;4;3;10;2024;0;"3"
2024-03-05;132.701635;"martes";0;2;5;3;10;2024;0;"3"
2024-03-06;133.117335;"miércoles";0;3;6;3;10;2024;0;"3"
2024-03-07;132.705495;"jueves";1;4;7;3;10;2024;0;"3"
2024-03-08;132.353275;"viernes";1;5;8;3;10;2024;0;"3"
2024-03-09;132.473175;"sábado";0;6;9;3;10;2024;0;"3"
2024-03-10;132.17116;"domingo";0;7;10;3;10;2024;0;"3"
2024-03-11;132.398635;"lunes";0;1;11;3;11;2024;0;"3"
2024-03-12;132.82215;"martes";0;2;12;3;11;2024;0;"3"
2024-03-13;132.273585;"miércoles";0;3;13;3;11;2024;0;"3"
2024-03-14;132.78856;"jueves";1;4;14;3;11;2024;0;"3"
2024-03-15;132.734465;"viernes";1;5;15;3;11;2024;0;"3"
2024-03-16;132.363135;"sábado";0;6;16;3;11;2024;0;"3"
2024-03-17;132.507865;"domingo";0;7;17;3;11;2024;0;"3"
2024-03-18;132.12526;"lunes";0;1;18;3;12;2024;0;"3"
2024-03-19;132.780055;"martes";0;2;19;3;12;2024;0;"3"
2024-03-20;132.43507;"miércoles";0;3;20;3;12;2024;0;"3"
2024-03-21;132.373895;"jueves";1;4;21;3;12;2024;0;"3"
2024-03-22;132.521225;"viernes";1;5;22;3;12;2024;0;"3"
2024-03-23;132.793305;"sábado";0;6;23;3;12;2024;0;"3"
2024-03-24;132.17198;"domingo";0;7;24;3;12;2024;0;"3"
2024-03-25;132.433265;"lunes";0;1;25;3;13;2024;0;"3"
2024-03-26;132.55211;"martes";0;2;26;3;13;2024;0;"3"
2024-03-27;132.602365;"miércoles";0;3;27;3;13;2024;0;"3"
2024-03-28;131.91569;"jueves";1;4;28;3;13;2024;0;"3"
2024-03-29;132.76755;"viernes";1;5;29;3;13;2024;0;"3"
2024-03-30;132.780785;"sábado";0;6;30;3;13;2024;0;"3"
2024-03-31;132.650655;"domingo";0;7;31;3;13;2024;0;"3"
2024-04-01;133.576245;"lunes";0;1;1;4;14;2024;0;"4"
2024-04-02;133.950875;"martes";0;2;2;4;14;2024;0;"4"
2024-04-03;133.537425;"miércoles";0;3;3;4;14;2024;0;"4"
2024-04-04;133.883715;"jueves";1;4;4;4;14;2024;0;"4"
2024-04-05;133.64016;"viernes";1;5;5;4;14;2024;0;"4"
2024-04-06;134.36684;"sábado";0;6;6;4;14;2024;0;"4"
2024-04-07;133.468815;"domingo";0;7;7;4;14;2024;0;"4"
2024-04-08;133.87618;"lunes";0;1;8;4;15;2024;0;"4"
2024-04-09;133.72895;"martes";0;2;9;4;15;2024;0;"4"
2024-04-10;134.184845;"miércoles";0;3;10;4;15;2024;0;"4"
2024-04-11;133.479135;"jueves";1;4;11;4;15;2024;0;"4"
2024-04-12;133.96378;"viernes";1;5;12;4;15;2024;0;"4"
2024-04-13;134.18028;"sábado";0;6;13;4;15;2024;0;"4"
2024-04-14;133.43673;"domingo";0;7;14;4;15;2024;0;"4"
2024-04-15;133.077135;"lunes";0;1;15;4;16;2024;0;"4"
2024-04-16;133.72384;"martes";0;2;16;4;16;2024;0;"4"
2024-04-17;133.636755;"miércoles";0;3;17;4;16;2024;0;"4"
2024-04-18;133.954335;"jueves";1;4;18;4;16;2024;0;"4"
2024-04-19;133.3621;"viernes";1;5;19;4;16;2024;0;"4"
2024-04-20;134.488795;"sábado";0;6;20;4;16;2024;0;"4"
2024-04-21;133.92395;"domingo";0;7;21;4;16;2024;0;"4"
2024-04-22;133.751105;"lunes";0;1;22;4;17;2024;0;"4"
2024-04-23;133.49112;"martes";0;2;23;4;17;2024;0;"4"
2024-04-24;133.497995;"miércoles";0;3;24;4;17;2024;0;"4"
2024-04-25;133.49009;"jueves";1;4;25;4;17;2024;0;"4"
2024-04-26;133.9632;"viernes";1;5;26;4;17;2024;0;"4"
2024-04-27;133.82859;"sábado";0;6;27;4;17;2024;0;"4"
2024-04-28;134.1652;"domingo";0;7;28;4;17;2024;0;"4"
2024-04-29;133.690955;"lunes";0;1;29;4;18;2024;0;"4"
2024-04-30;133.735225;"martes";0;2;30;4;18;2024;0;"4"
2024-05-01;134.83609;"miércoles";0;3;1;5;18;2024;0;"5"
2024-05-02;134.945265;"jueves";1;4;2;5;18;2024;0;"5"
2024-05-03;134.933395;"viernes";1;5;3;5;18;2024;0;"5"
2024-05-04;134.62078;"sábado";0;6;4;5;18;2024;0;"5"
2024-05-05;135.171205;"domingo";0;7;5;5;18;2024;0;"5"
2024-05-06;134.868135;"lunes";0;1;6;5;19;2024;0;"5"
2024-05-07;134.873645;"martes";0;2;7;5;19;2024;0;"5"
2024-05-08;134.711525;"miércoles";0;3;8;5;19;2024;0;"5"
2024-05-09;135.204535;"jueves";1;4;9;5;19;2024;0;"5"
2024-05-10;134.72173;"viernes";1;5;10;5;19;2024;0;"5"
2024-05-11;135.328205;"sábado";0;6;11;5;19;2024;0;"5"
2024-05-12;135.270205;"domingo";0;7;12;5;19;2024;0;"5"
2024-05-13;134.7933;"lunes";0;1;13;5;20;2024;0;"5"
2024-05-14;135.196415;"martes";0;2;14;5;20;2024;0;"5"
2024-05-15;134.58888;"miércoles";0;3;15;5;20;2024;0;"5"
2024-05-16;135.161165;"jueves";1;4;16;5;20;2024;0;"5"
2024-05-17;134.74389;"viernes";1;5;17;5;20;2024;0;"5"
2024-05-18;135.31294;"sábado";0;6;18;5;20;2024;0;"5"
2024-05-19;134.76904;"domingo";0;7;19;5;20;2024;0;"5"
2024-05-20;135.337015;"lunes";0;1;20;5;21;2024;0;"5"
2024-05-21;135.21646;"martes";0;2;21;5;21;2024;0;"5"
2024-05-22;135.455675;"miércoles";0;3;22;5;21;2024;0;"5"
2024-05-23;134.85855;"jueves";1;4;23;5;21;2024;0;"5"
2024-05-24;135.135645;"viernes";1;5;24;5;21;2024;0;"5"
2024-05-25;134.96445;"sábado";0;6;25;5;21;2024;0;"5"
2024-05-26;135.160725;"domingo";0;7;26;5;21;2024;0;"5"
2024-05-27;134.86491;"lunes";0;1;27;5;22;2024;0;"5"
2024-05-28;135.757315;"martes";0;2;28;5;22;2024;0;"5"
2024-05-29;135.217525;"miércoles";0;3;29;5;22;2024;0;"5"
2024-05-30;134.92944;"jueves";1;4;30;5;22;2024;0;"5"
2024-05-31;134.87792;"viernes";1;5;31;5;22;2024;0;"5"
2024-06-01;136.34381;"sábado";0;6;1;6;22;2024;0;"6"
2024-06-02;136.525195;"domingo";0;7;2;6;22;2024;0;"6"
2024-06-03;136.158915;"lunes";0;1;3;6;23;2024;0;"6"
2024-06-04;136.389255;"martes";0;2;4;6;23;2024;0;"6"
2024-06-05;136.59882;"miércoles";0;3;5;6;23;2024;0;"6"
2024-06-06;136.136805;"jueves";1;4;6;6;23;2024;0;"6"
2024-06-07;136.081985;"viernes";1;5;7;6;23;2024;0;"6"
2024-06-08;136.307825;"sábado";0;6;8;6;23;2024;0;"6"
2024-06-09;135.966145;"domingo";0;7;9;6;23;2024;0;"6"
2024-06-10;136.18716;"lunes";0;1;10;6;24;2024;0;"6"
2024-06-11;136.21363;"martes";0;2;11;6;24;2024;0;"6"
2024-06-12;136.11815;"miércoles";0;3;12;6;24;2024;0;"6"
2024-06-13;136.337945;"jueves";1;4;13;6;24;2024;0;"6"
2024-06-14;136.497485;"viernes";1;5;14;6;24;2024;0;"6"
2024-06-15;135.66675;"sábado";0;6;15;6;24;2024;0;"6"
2024-06-16;136.38196;"domingo";0;7;16;6;24;2024;0;"6"
2024-06-17;136.221315;"lunes";0;1;17;6;25;2024;0;"6"
2024-06-18;136.47324;"martes";0;2;18;6;25;2024;0;"6"
2024-06-19;136.321865;"miércoles";0;3;19;6;25;2024;0;"6"
2024-06-20;136.13194;"jueves";1;4;20;6;25;2024;0;"6"
2024-06-21;136.224145;"viernes";1;5;21;6;25;2024;0;"6"
2024-06-22;136.110125;"sábado";0;6;22;6;25;2024;0;"6"
2024-06-23;135.90537;"domingo";0;7;23;6;25;2024;0;"6"
2024-06-24;136.716185;"lunes";0;1;24;6;26;2024;0;"6"
2024-06-25;135.864035;"martes";0;2;25;6;26;2024;0;"6"
2024-06-26;136.47849;"miércoles";0;3;26;6;26;2024;0;"6"
2024-06-27;135.947445;"jueves";1;4;27;6;26;2024;0;"6"
2024-06-28;136.52732;"viernes";1;5;28;6;26;2024;0;"6"
2024-06-29;136.436125;"sábado";0;6;29;6;26;2024;0;"6"
2024-06-30;136.51752;"domingo";0;7;30;6;26;2024;0;"6"
2024-07-01;137.209785;"lunes";0;1;1;7;27;2024;0;"7"
2024-07-02;137.27109;"martes";0;2;2;7;27;2024;0;"7"
2024-07-03;137.529385;"miércoles";0;3;3;7;27;2024;0;"7"
2024-07-04;137.68395;"jueves";1;4;4;7;27;2024;0;"7"
2024-07-05;137.929615;"viernes";1;5;5;7;27;2024;0;"7"
2024-07-06;136.98983;"sábado";0;6;6;7;27;2024;0;"7"
2024-07-07;136.79469;"domingo";0;7;7;7;27;2024;0;"7"
2024-07-08;137.466755;"lunes";0;1;8;7;28;2024;0;"7"
2024-07-09;137.27785;"martes";0;2;9;7;28;2024;0;"7"
2024-07-10;137.16475;"miércoles";0;3;10;7;28;2024;0;"7"
2024-07-11;137.17037;"jueves";1;4;11;7;28;2024;0;"7"
2024-07-12;137.22315;"viernes";1;5;12;7;28;2024;0;"7"
2024-07-13;136.87794;"sábado";0;6;13;7;28;2024;0;"7"
2024-07-14;137.75306;"domingo";0;7;14;7;28;2024;0;"7"
2024-07-15;137.13855;"lunes";0;1;15;7;29;2024;0;"7"
2024-07-16;137.40418;"martes";0;2;16;7;29;2024;0;"7"
2024-07-17;137.52213;"miércoles";0;3;17;7;29;2024;0;"7"
2024-07-18;137.469865;"jueves";1;4;18;7;29;2024;0;"7"
2024-07-19;137.56778;"viernes";1;5;19;7;29;2024;0;"7"
2024-07-20;137.49269;"sábado";0;6;20;7;29;2024;0;"7"
2024-07-21;137.785465;"domingo";0;7;21;7;29;2024;0;"7"
2024-07-22;137.621295;"lunes";0;1;22;7;30;2024;0;"7"
2024-07-23;137.48159;"martes";0;2;23;7;30;2024;0;"7"
2024-07-24;137.26776;"miércoles";0;3;24;7;30;2024;0;"7"
2024-07-25;137.684365;"jueves";1;4;25;7;30;2024;0;"7"
2024-07-26;137.67376;"viernes";1;5;26;7;30;2024;0;"7"
2024-07-27;137.728185;"sábado";0;6;27;7;30;2024;0;"7"
2024-07-28;137.807725;"domingo";0;7;28;7;30;2024;0;"7"
2024-07-29;137.548765;"lunes";0;1;29;7;31;2024;0;"7"
2024-07-30;137.30842;"martes";0;2;30;7;31;2024;0;"7"
2024-07-31;137.37364;"miércoles";0;3;31;7;31;2024;0;"7"
2024-08-01;139.216385;"jueves";1;4;1;8;31;2024;0;"8"
2024-08-02;138.72189;"viernes";1;5;2;8;31;2024;0;"8"
2024-08-03;138.65692;"sábado";0;6;3;8;31;2024;0;"8"
2024-08-04;139.206065;"domingo";0;7;4;8;31;2024;0;"8"
2024-08-05;138.54788;"lunes";0;1;5;8;32;2024;0;"8"
2024-08-06;138.655385;"martes";0;2;6;8;32;2024;0;"8"
2024-08-07;138.871335;"miércoles";0;3;7;8;32;2024;0;"8"
2024-08-08;138.13913;"jueves";1;4;8;8;32;2024;0;"8"
2024-08-09;138.72099;"viernes";1;5;9;8;32;2024;0;"8"
2024-08-10;139.30557;"sábado";0;6;10;8;32;2024;0;"8"
2024-08-11;138.602685;"domingo";0;7;11;8;32;2024;0;"8"
2024-08-12;138.519575;"lunes";0;1;12;8;33;2024;0;"8"
2024-08-13;138.67876;"martes";0;2;13;8;33;2024;0;"8"
2024-08-14;138.815795;"miércoles";0;3;14;8;33;2024;0;"8"
2024-08-15;138.826285;"jueves";1;4;15;8;33;2024;0;"8"
2024-08-16;138.798435;"viernes";1;5;16;8;33;2024;0;"8"
2024-08-17;139.00227;"sábado";0;6;17;8;33;2024;0;"8"
2024-08-18;139.00382;"domingo";0;7;18;8;33;2024;0;"8"
2024-08-19;138.24531;"lunes";0;1;19;8;34;2024;0;"8"
2024-08-20;139.17209;"martes";0;2;20;8;34;2024;0;"8"
2024-08-21;138.52514;"miércoles";0;3;21;8;34;2024;0;"8"
2024-08-22;138.64091;"jueves";1;4;22;8;34;2024;0;"8"
2024-08-23;138.849515;"viernes";1;5;23;8;34;2024;0;"8"
2024-08-24;139.51443;"sábado";0;6;24;8;34;2024;0;"8"
2024-08-25;138.5941;"domingo";0;7;25;8;34;2024;0;"8"
2024-08-26;139.0726;"lunes";0;1;26;8;35;2024;0;"8"
2024-08-27;138.788735;"martes";0;2;27;8;35;2024;0;"8"
2024-08-28;139.137705;"miércoles";0;3;28;8;35;2024;0;"8"
2024-08-29;138.64889;"jueves";1;4;29;8;35;2024;0;"8"
2024-08-30;138.718325;"viernes";1;5;30;8;35;2024;0;"8"
2024-08-31;138.919415;"sábado";0;6;31;8;35;2024;0;"8"
2024-09-01;140.672305;"domingo";0;7;1;9;35;2024;0;"9"
2024-09-02;140.110225;"lunes";0;1;2;9;36;2024;0;"9"
2024-09-03;140.131625;"martes";0;2;3;9;36;2024;0;"9"
2024-09-04;140.087825;"miércoles";0;3;4;9;36;2024;0;"9"
2024-09-05;139.931275;"jueves";1;4;5;9;36;2024;0;"9"
2024-09-06;140.40493;"viernes";1;5;6;9;36;2024;0;"9"
2024-09-07;140.0259;"sábado";0;6;7;9;36;2024;0;"9"
2024-09-08;139.752355;"domingo";0;7;8;9;36;2024;0;"9"
2024-09-09;140.31668;"lunes";0;1;9;9;37;2024;0;"9"
2024-09-10;140.63361;"martes";0;2;10;9;37;2024;0;"9"
2024-09-11;140.129135;"miércoles";0;3;11;9;37;2024;0;"9"
2024-09-12;140.131265;"jueves";1;4;12;9;37;2024;0;"9"
2024-09-13;140.006455;"viernes";1;5;13;9;37;2024;0;"9"
2024-09-14;139.920845;"sábado";0;6;14;9;37;2024;0;"9"
2024-09-15;140.04638;"domingo";0;7;15;9;37;2024;0;"9"
2024-09-16;140.05108;"lunes";0;1;16;9;38;2024;0;"9"
2024-09-17;140.224925;"martes";0;2;17;9;38;2024;0;"9"
2024-09-18;139.053255;"miércoles";0;3;18;9;38;2024;0;"9"
2024-09-19;140.061185;"jueves";1;4;19;9;38;2024;0;"9"
2024-09-20;139.96676;"viernes";1;5;20;9;38;2024;0;"9"
2024-09-21;140.155145;"sábado";0;6;21;9;38;2024;0;"9"
2024-09-22;139.898825;"domingo";0;7;22;9;38;2024;0;"9"
2024-09-23;139.9559;"lunes";0;1;23;9;39;2024;0;"9"
2024-09-24;140.58017;"martes";0;2;24;9;39;2024;0;"9"
2024-09-25;139.826675;"miércoles";0;3;25;9;39;2024;0;"9"
2024-09-26;139.683185;"jueves";1;4;26;9;39;2024;0;"9"
2024-09-27;140.14195;"viernes";1;5;27;9;39;2024;0;"9"
2024-09-28;140.206285;"sábado";0;6;28;9;39;2024;0;"9"
2024-09-29;139.9409;"domingo";0;7;29;9;39;2024;0;"9"
2024-09-30;140.35669;"lunes";0;1;30;9;40;2024;0;"9"
2024-10-01;141.278315;"martes";0;2;1;10;40;2024;0;"10"
2024-10-02;141.30362;"miércoles";0;3;2;10;40;2024;0;"10"
2024-10-03;141.606955;"jueves";1;4;3;10;40;2024;0;"10"
2024-10-04;141.69368;"viernes";1;5;4;10;40;2024;0;"10"
2024-10-05;140.875715;"sábado";0;6;5;10;40;2024;0;"10"
2024-10-06;141.265145;"domingo";0;7;6;10;40;2024;0;"10"
2024-10-07;141.44454;"lunes";0;1;7;10;41;2024;0;"10"
2024-10-08;140.86542;"martes";0;2;8;10;41;2024;0;"10"
2024-10-09;141.13442;"miércoles";0;3;9;10;41;2024;0;"10"
2024-10-10;141.574635;"jueves";1;4;10;10;41;2024;0;"10"
2024-10-11;141.46926;"viernes";1;5;11;10;41;2024;0;"10"
2024-10-12;141.00757;"sábado";0;6;12;10;41;2024;0;"10"
2024-10-13;141.505125;"domingo";0;7;13;10;41;2024;0;"10"
2024-10-14;141.22407;"lunes";0;1;14;10;42;2024;0;"10"
2024-10-15;141.415985;"martes";0;2;15;10;42;2024;0;"10"
2024-10-16;141.508215;"miércoles";0;3;16;10;42;2024;0;"10"
2024-10-17;141.755295;"jueves";1;4;17;10;42;2024;0;"10"
2024-10-18;141.217995;"viernes";1;5;18;10;42;2024;0;"10"
2024-10-19;140.957145;"sábado";0;6;19;10;42;2024;0;"10"
2024-10-20;140.967615;"domingo";0;7;20;10;42;2024;0;"10"
2024-10-21;141.44335;"lunes";0;1;21;10;43;2024;0;"10"
2024-10-22;141.0455;"martes";0;2;22;10;43;2024;0;"10"
2024-10-23;141.531745;"miércoles";0;3;23;10;43;2024;0;"10"
2024-10-24;141.583175;"jueves";1;4;24;10;43;2024;0;"10"
2024-10-25;140.96219;"viernes";1;5;25;10;43;2024;0;"10"
2024-10-26;141.17953;"sábado";0;6;26;10;43;2024;0;"10"
2024-10-27;141.70103;"domingo";0;7;27;10;43;2024;0;"10"
2024-10-28;141.347995;"lunes";0;1;28;10;44;2024;0;"10"
2024-10-29;141.281;"martes";0;2;29;10;44;2024;0;"10"
2024-10-30;141.77559;"miércoles";0;3;30;10;44;2024;0;"10"
2024-10-31;141.097805;"jueves";1;4;31;10;44;2024;0;"10"
2024-11-01;142.63412;"viernes";1;5;1;11;44;2024;1;"12"
2024-11-02;142.643075;"sábado";0;6;2;11;44;2024;1;"12"
2024-11-03;142.6007;"domingo";0;7;3;11;44;2024;1;"12"
2024-11-04;142.481215;"lunes";0;1;4;11;45;2024;1;"12"
2024-11-05;142.324335;"martes";0;2;5;11;45;2024;1;"12"
2024-11-06;142.686695;"miércoles";0;3;6;11;45;2024;1;"12"
2024-11-07;142.361715;"jueves";1;4;7;11;45;2024;1;"12"
2024-11-08;142.326505;"viernes";1;5;8;11;45;2024;1;"12"
2024-11-09;142.008865;"sábado";0;6;9;11;45;2024;1;"12"
2024-11-10;142.433045;"domingo";0;7;10;11;45;2024;1;"12"
2024-11-11;142.964275;"lunes";0;1;11;11;46;2024;1;"12"
